User,ID Name,Timing,Date,Order ID,Amount,Address Code,Refresh Link,Cancel Status
rohit,fdfeer,21:22:59,2024-07-06,ferere,3343,fereff,ferffddf,non-cancel
admin,rathores,22:33:27,2024-07-06,343433,4343,3434,ferer,non-cancel
admin,rer,22:41:18,2024-07-06,127213007130735040101,3433,dfdf,ferere,non-cancel
admin,hello,22:44:38,2024-07-06,ferer,3343,rerff,rereff,non-cancel
admin,fref,22:45:45,2024-07-06,fere,3434,refer,refer,non-cancel
admin,4343,22:53:01,2024-07-06,3443,3434,fdff3,feref,non-cancel
admin,dfdfe,15:45:31,2024-07-07,rer,3434,rere,rer,non-cancel
admin,ererf,15:48:24,2024-07-07,referere,3434,4343,4343,non-cancel
admin,43434,15:48:46,2024-07-07,434,3343,feref,rere,non-cancel
admin,referef,15:49:15,2024-07-07,referef,3434,343r3,3434,non-cancel
admin,aref,15:54:58,2024-07-07,rereref,3434,343f,ffdfs,non-cancel
ashok,rathore,16:01:25,2024-07-07,reff,3434,ffdf,fdfdf,non-cancel
